{
    "accuracy": 0.985,
    "precision": 0.5,
    "recall": 0.43333333333333335,
    "f1_score": 0.4642857142857143,
    "auc_roc": 0.9789509306260575,
    "confusion_matrix": {
        "tn": 1957,
        "fp": 13,
        "fn": 17,
        "tp": 13
    },
    "feature_importances": {
        "transaction_hour": 0.2976919114589691,
        "foreign_transaction": 0.24214857816696167,
        "device_trust_score": 0.1511591672897339,
        "location_mismatch": 0.14916685223579407,
        "velocity_last_24h": 0.07532326877117157,
        "amount": 0.0325094610452652,
        "cardholder_age": 0.029472224414348602,
        "merchant_category": 0.02252854034304619
    }
}